{
  "images" : [
    {
      "filename" : "Eri0D_gDHjvgnj1B9sVoTz2CQF6iTdNjaAwNDdY7KOw4obDDTfaQgFA8QwTWw4fbDzQv8o_C5VYawimbRapr_vWolq_6kIGnSufoAS4GQUc5cvHne0sIsWmerdwaCF66lvG20t_BlDDOHrOzOSYtFPQVfGmfKRSjPi4I1ezzu4I.jpg",
      "idiom" : "universal",
      "scale" : "1x"
    },
    {
      "filename" : "Eri0D_gDHjvgnj1B9sVoTz2CQF6iTdNjaAwNDdY7KOw4obDDTfaQgFA8QwTWw4fbDzQv8o_C5VYawimbRapr_vWolq_6kIGnSufoAS4GQUc5cvHne0sIsWmerdwaCF66lvG20t_BlDDOHrOzOSYtFPQVfGmfKRSjPi4I1ezzu4I@2x.jpg",
      "idiom" : "universal",
      "scale" : "2x"
    },
    {
      "filename" : "Eri0D_gDHjvgnj1B9sVoTz2CQF6iTdNjaAwNDdY7KOw4obDDTfaQgFA8QwTWw4fbDzQv8o_C5VYawimbRapr_vWolq_6kIGnSufoAS4GQUc5cvHne0sIsWmerdwaCF66lvG20t_BlDDOHrOzOSYtFPQVfGmfKRSjPi4I1ezzu4I@3x.jpg",
      "idiom" : "universal",
      "scale" : "3x"
    }
  ],
  "info" : {
    "author" : "xcode",
    "version" : 1
  }
}
